label_name,bbox_x,bbox_y,bbox_width,bbox_height,image_name,image_width,image_height
Person,1507,455,9,28,1660366800.jpg,1920,1080
Person,1511,456,12,26,1660366800.jpg,1920,1080
Person,433,576,19,44,1660370400.jpg,1920,1080
Person,172,546,13,27,1660374000.jpg,1920,1080
Person,219,533,16,28,1660374000.jpg,1920,1080
Person,421,544,14,39,1660374000.jpg,1920,1080
Person,801,523,21,45,1660374000.jpg,1920,1080
Person,967,512,13,39,1660374000.jpg,1920,1080
Person,979,511,17,42,1660374000.jpg,1920,1080
Person,1026,509,14,39,1660374000.jpg,1920,1080
Person,1074,524,18,19,1660374000.jpg,1920,1080
Person,1107,504,16,39,1660374000.jpg,1920,1080
Person,1148,494,16,31,1660374000.jpg,1920,1080
Person,1250,507,13,25,1660374000.jpg,1920,1080
Person,1238,619,22,28,1660374000.jpg,1920,1080
Person,262,576,20,24,1660377600.jpg,1920,1080
Person,247,645,39,65,1660377600.jpg,1920,1080
Person,603,587,27,24,1660377600.jpg,1920,1080
Person,672,552,19,50,1660377600.jpg,1920,1080
Person,746,515,19,39,1660377600.jpg,1920,1080
Person,767,513,22,44,1660377600.jpg,1920,1080
Person,747,555,25,29,1660377600.jpg,1920,1080
Person,773,555,58,22,1660377600.jpg,1920,1080
Person,486,904,70,113,1660377600.jpg,1920,1080
Person,415,814,52,84,1660377600.jpg,1920,1080
Person,1124,722,35,86,1660377600.jpg,1920,1080
Person,1170,717,29,86,1660377600.jpg,1920,1080
Person,977,534,13,25,1660377600.jpg,1920,1080
Person,958,539,22,18,1660377600.jpg,1920,1080
Person,1062,527,20,29,1660377600.jpg,1920,1080
Person,1110,500,10,19,1660377600.jpg,1920,1080
Person,1127,483,12,22,1660377600.jpg,1920,1080
Person,1162,488,18,36,1660377600.jpg,1920,1080
Person,1139,490,12,17,1660377600.jpg,1920,1080
Person,1124,527,35,14,1660377600.jpg,1920,1080
Person,1145,515,14,25,1660377600.jpg,1920,1080
Person,1169,520,29,20,1660377600.jpg,1920,1080
Person,1302,482,13,24,1660377600.jpg,1920,1080
Person,1291,472,12,26,1660377600.jpg,1920,1080
Person,1401,486,15,35,1660377600.jpg,1920,1080
Person,1456,468,12,21,1660377600.jpg,1920,1080
Person,1396,448,16,22,1660377600.jpg,1920,1080
Person,1448,456,13,21,1660377600.jpg,1920,1080
Person,1527,448,7,27,1660377600.jpg,1920,1080
Person,1549,444,14,29,1660377600.jpg,1920,1080
Person,1536,444,7,36,1660377600.jpg,1920,1080
Person,1546,476,19,22,1660377600.jpg,1920,1080
Person,1267,510,13,16,1660377600.jpg,1920,1080
Person,11,572,33,44,1660381200.jpg,1920,1080
Person,56,569,22,50,1660381200.jpg,1920,1080
Person,118,608,26,26,1660381200.jpg,1920,1080
Person,136,558,23,47,1660381200.jpg,1920,1080
Person,183,555,22,48,1660381200.jpg,1920,1080
Person,204,556,17,47,1660381200.jpg,1920,1080
Person,216,557,21,42,1660381200.jpg,1920,1080
Person,240,584,22,32,1660381200.jpg,1920,1080
Person,264,569,18,39,1660381200.jpg,1920,1080
Person,447,555,21,43,1660381200.jpg,1920,1080
Person,476,539,20,26,1660381200.jpg,1920,1080
Person,639,589,31,36,1660381200.jpg,1920,1080
Person,899,759,22,67,1660381200.jpg,1920,1080
Person,615,517,20,35,1660381200.jpg,1920,1080
Person,599,549,26,30,1660381200.jpg,1920,1080
Person,678,543,17,34,1660381200.jpg,1920,1080
Person,749,535,12,18,1660381200.jpg,1920,1080
Person,761,537,17,21,1660381200.jpg,1920,1080
Person,784,528,26,18,1660381200.jpg,1920,1080
Person,835,520,18,47,1660381200.jpg,1920,1080
Person,858,542,19,52,1660381200.jpg,1920,1080
Person,938,727,37,84,1660381200.jpg,1920,1080
Person,1007,718,30,97,1660381200.jpg,1920,1080
Person,956,504,23,35,1660381200.jpg,1920,1080
Person,962,530,22,31,1660381200.jpg,1920,1080
Person,989,537,17,24,1660381200.jpg,1920,1080
Person,998,520,11,15,1660381200.jpg,1920,1080
Person,1007,514,13,16,1660381200.jpg,1920,1080
Person,1021,513,15,20,1660381200.jpg,1920,1080
Person,1042,511,21,21,1660381200.jpg,1920,1080
Person,1044,486,13,19,1660381200.jpg,1920,1080
Person,990,482,15,18,1660381200.jpg,1920,1080
Person,997,500,18,17,1660381200.jpg,1920,1080
Person,969,483,14,23,1660381200.jpg,1920,1080
Person,1075,566,32,23,1660381200.jpg,1920,1080
Person,1107,563,44,25,1660381200.jpg,1920,1080
Person,1132,541,33,21,1660381200.jpg,1920,1080
Person,1110,523,16,38,1660381200.jpg,1920,1080
Person,1132,512,28,30,1660381200.jpg,1920,1080
Person,1087,491,18,37,1660381200.jpg,1920,1080
Person,1128,484,12,29,1660381200.jpg,1920,1080
Person,1138,483,17,27,1660381200.jpg,1920,1080
Person,1167,475,8,15,1660381200.jpg,1920,1080
Person,1157,474,10,17,1660381200.jpg,1920,1080
Person,1131,460,14,15,1660381200.jpg,1920,1080
Person,1167,458,9,13,1660381200.jpg,1920,1080
Person,1177,457,10,19,1660381200.jpg,1920,1080
Person,1216,494,14,12,1660381200.jpg,1920,1080
Person,1241,481,10,23,1660381200.jpg,1920,1080
Person,1267,466,12,28,1660381200.jpg,1920,1080
Person,1311,479,15,26,1660381200.jpg,1920,1080
Person,1313,454,15,26,1660381200.jpg,1920,1080
Person,1290,456,14,30,1660381200.jpg,1920,1080
Person,1220,518,16,37,1660381200.jpg,1920,1080
Person,1234,518,15,29,1660381200.jpg,1920,1080
Person,1249,519,27,29,1660381200.jpg,1920,1080
Person,1248,501,19,18,1660381200.jpg,1920,1080
Person,1755,508,21,42,1660381200.jpg,1920,1080
Person,1396,463,14,32,1660381200.jpg,1920,1080
Person,1382,452,9,24,1660381200.jpg,1920,1080
Person,1430,445,12,24,1660381200.jpg,1920,1080
Person,1440,462,13,27,1660381200.jpg,1920,1080
Person,1476,465,15,30,1660381200.jpg,1920,1080
Person,1551,454,11,26,1660381200.jpg,1920,1080
Person,1574,450,11,20,1660381200.jpg,1920,1080
Person,1566,427,8,23,1660381200.jpg,1920,1080
Person,1520,448,10,19,1660381200.jpg,1920,1080
Person,1378,512,17,17,1660381200.jpg,1920,1080
Person,1363,542,47,20,1660381200.jpg,1920,1080
Person,1853,444,13,28,1660381200.jpg,1920,1080
Person,1664,890,97,47,1660381200.jpg,1920,1080
Person,1672,956,98,54,1660381200.jpg,1920,1080
Person,1766,1041,132,39,1660381200.jpg,1920,1080
Person,407,573,24,33,1660381200.jpg,1920,1080
Person,16,613,52,30,1660384800.jpg,1920,1080
Person,3,549,15,37,1660384800.jpg,1920,1080
Person,91,561,19,45,1660384800.jpg,1920,1080
Person,122,606,31,29,1660384800.jpg,1920,1080
Person,132,568,15,31,1660384800.jpg,1920,1080
Person,134,540,10,21,1660384800.jpg,1920,1080
Person,120,541,12,24,1660384800.jpg,1920,1080
Person,105,546,14,18,1660384800.jpg,1920,1080
Person,206,546,14,21,1660384800.jpg,1920,1080
Person,243,548,16,43,1660384800.jpg,1920,1080
Person,222,563,14,30,1660384800.jpg,1920,1080
Person,320,588,10,46,1660384800.jpg,1920,1080
Person,268,545,23,26,1660384800.jpg,1920,1080
Person,315,536,21,29,1660384800.jpg,1920,1080
Person,340,620,30,41,1660384800.jpg,1920,1080
Person,390,618,19,30,1660384800.jpg,1920,1080
Person,367,595,20,26,1660384800.jpg,1920,1080
Person,397,575,19,42,1660384800.jpg,1920,1080
Person,444,624,35,25,1660384800.jpg,1920,1080
Person,514,614,29,22,1660384800.jpg,1920,1080
Person,539,606,26,29,1660384800.jpg,1920,1080
Person,558,599,28,22,1660384800.jpg,1920,1080
Person,505,539,17,42,1660384800.jpg,1920,1080
Person,488,519,6,19,1660384800.jpg,1920,1080
Person,476,520,13,22,1660384800.jpg,1920,1080
Person,447,529,17,21,1660384800.jpg,1920,1080
Person,400,521,13,19,1660384800.jpg,1920,1080
Person,380,537,13,16,1660384800.jpg,1920,1080
Person,432,540,16,41,1660384800.jpg,1920,1080
Person,450,563,22,23,1660384800.jpg,1920,1080
Person,523,530,9,42,1660384800.jpg,1920,1080
Person,531,522,19,41,1660384800.jpg,1920,1080
Person,551,514,16,37,1660384800.jpg,1920,1080
Person,580,515,16,26,1660384800.jpg,1920,1080
Person,598,516,19,21,1660384800.jpg,1920,1080
Person,633,514,12,12,1660384800.jpg,1920,1080
Person,628,529,20,36,1660384800.jpg,1920,1080
Person,649,534,14,23,1660384800.jpg,1920,1080
Person,649,555,27,48,1660384800.jpg,1920,1080
Person,692,549,19,39,1660384800.jpg,1920,1080
Person,674,536,14,46,1660384800.jpg,1920,1080
Person,680,510,21,16,1660384800.jpg,1920,1080
Person,710,501,9,13,1660384800.jpg,1920,1080
Person,692,497,9,11,1660384800.jpg,1920,1080
Person,660,518,14,17,1660384800.jpg,1920,1080
Person,716,521,16,19,1660384800.jpg,1920,1080
Person,745,511,21,22,1660384800.jpg,1920,1080
Person,763,505,17,29,1660384800.jpg,1920,1080
Person,786,502,13,26,1660384800.jpg,1920,1080
Person,796,501,16,26,1660384800.jpg,1920,1080
Person,819,510,18,23,1660384800.jpg,1920,1080
Person,829,497,13,33,1660384800.jpg,1920,1080
Person,848,496,12,26,1660384800.jpg,1920,1080
Person,873,506,19,38,1660384800.jpg,1920,1080
Person,899,512,9,19,1660384800.jpg,1920,1080
Person,909,533,20,28,1660384800.jpg,1920,1080
Person,933,502,16,24,1660384800.jpg,1920,1080
Person,878,601,47,33,1660384800.jpg,1920,1080
Person,842,614,48,26,1660384800.jpg,1920,1080
Person,911,573,36,24,1660384800.jpg,1920,1080
Person,810,559,15,61,1660384800.jpg,1920,1080
Person,783,566,28,55,1660384800.jpg,1920,1080
Person,1100,777,44,110,1660384800.jpg,1920,1080
Person,996,565,20,51,1660384800.jpg,1920,1080
Person,967,565,20,50,1660384800.jpg,1920,1080
Person,974,501,10,42,1660384800.jpg,1920,1080
Person,981,497,13,48,1660384800.jpg,1920,1080
Person,989,530,20,29,1660384800.jpg,1920,1080
Person,957,489,17,26,1660384800.jpg,1920,1080
Person,1032,480,24,24,1660384800.jpg,1920,1080
Person,1038,504,32,37,1660384800.jpg,1920,1080
Person,1042,573,18,38,1660384800.jpg,1920,1080
Person,1024,572,13,36,1660384800.jpg,1920,1080
Person,1103,569,48,16,1660384800.jpg,1920,1080
Person,1126,588,66,21,1660384800.jpg,1920,1080
Person,1074,535,26,22,1660384800.jpg,1920,1080
Person,1098,477,22,18,1660384800.jpg,1920,1080
Person,1109,493,23,43,1660384800.jpg,1920,1080
Person,1129,524,26,19,1660384800.jpg,1920,1080
Person,1132,503,17,18,1660384800.jpg,1920,1080
Person,1150,490,17,25,1660384800.jpg,1920,1080
Person,1164,500,19,18,1660384800.jpg,1920,1080
Person,1144,472,18,23,1660384800.jpg,1920,1080
Person,1172,469,17,30,1660384800.jpg,1920,1080
Person,1163,514,13,51,1660384800.jpg,1920,1080
Person,1179,514,16,52,1660384800.jpg,1920,1080
Person,1196,514,20,48,1660384800.jpg,1920,1080
Person,1268,568,64,26,1660384800.jpg,1920,1080
Person,1231,521,34,26,1660384800.jpg,1920,1080
Person,1360,555,45,25,1660384800.jpg,1920,1080
Person,1388,531,22,58,1660384800.jpg,1920,1080
Person,1404,549,21,32,1660384800.jpg,1920,1080
Person,1292,531,55,20,1660384800.jpg,1920,1080
Person,1296,502,18,26,1660384800.jpg,1920,1080
Person,1245,503,30,17,1660384800.jpg,1920,1080
Person,1243,480,9,16,1660384800.jpg,1920,1080
Person,1253,482,12,21,1660384800.jpg,1920,1080
Person,1239,460,18,15,1660384800.jpg,1920,1080
Person,1219,487,9,22,1660384800.jpg,1920,1080
Person,1194,480,14,20,1660384800.jpg,1920,1080
Person,1264,464,9,16,1660384800.jpg,1920,1080
Person,1268,475,24,26,1660384800.jpg,1920,1080
Person,1337,469,18,36,1660384800.jpg,1920,1080
Person,1313,486,19,19,1660384800.jpg,1920,1080
Person,1362,465,16,28,1660384800.jpg,1920,1080
Person,1387,465,19,26,1660384800.jpg,1920,1080
Person,1389,499,15,27,1660384800.jpg,1920,1080
Person,1372,495,18,35,1660384800.jpg,1920,1080
Person,1429,479,15,22,1660384800.jpg,1920,1080
Person,1434,459,14,19,1660384800.jpg,1920,1080
Person,1413,449,15,19,1660384800.jpg,1920,1080
Person,1401,429,10,15,1660384800.jpg,1920,1080
Person,1319,463,10,11,1660384800.jpg,1920,1080
Person,1455,446,21,37,1660384800.jpg,1920,1080
Person,1497,450,8,27,1660384800.jpg,1920,1080
Person,1485,462,9,32,1660384800.jpg,1920,1080
Person,1471,492,16,41,1660384800.jpg,1920,1080
Person,1518,501,19,42,1660384800.jpg,1920,1080
Person,1547,536,18,29,1660384800.jpg,1920,1080
Person,1523,534,25,27,1660384800.jpg,1920,1080
Person,1722,514,16,45,1660384800.jpg,1920,1080
Person,1712,510,12,53,1660384800.jpg,1920,1080
Person,1698,510,12,48,1660384800.jpg,1920,1080
Person,1683,502,12,50,1660384800.jpg,1920,1080
Person,1652,485,13,39,1660384800.jpg,1920,1080
Person,1553,439,11,26,1660384800.jpg,1920,1080
Person,1580,424,13,24,1660384800.jpg,1920,1080
Person,1547,421,11,19,1660384800.jpg,1920,1080
Person,1549,470,16,24,1660384800.jpg,1920,1080
Person,1844,445,11,31,1660384800.jpg,1920,1080
Person,1860,449,12,30,1660384800.jpg,1920,1080
Person,1875,488,16,29,1660384800.jpg,1920,1080
Person,1739,919,39,113,1660384800.jpg,1920,1080
Person,1707,889,86,41,1660384800.jpg,1920,1080
Person,1180,930,58,134,1660384800.jpg,1920,1080
Person,0,566,15,52,1660388400.jpg,1920,1080
Person,12,557,16,36,1660388400.jpg,1920,1080
Person,26,559,16,38,1660388400.jpg,1920,1080
Person,9,650,33,31,1660388400.jpg,1920,1080
Person,44,557,20,24,1660388400.jpg,1920,1080
Person,87,544,15,18,1660388400.jpg,1920,1080
Person,117,547,13,16,1660388400.jpg,1920,1080
Person,134,542,20,46,1660388400.jpg,1920,1080
Person,154,549,14,36,1660388400.jpg,1920,1080
Person,171,546,16,43,1660388400.jpg,1920,1080
Person,186,527,16,20,1660388400.jpg,1920,1080
Person,197,549,13,37,1660388400.jpg,1920,1080
Person,206,543,12,21,1660388400.jpg,1920,1080
Person,116,646,26,29,1660388400.jpg,1920,1080
Person,256,554,14,41,1660388400.jpg,1920,1080
Person,251,546,19,14,1660388400.jpg,1920,1080
Person,271,542,14,41,1660388400.jpg,1920,1080
Person,318,577,11,54,1660388400.jpg,1920,1080
Person,311,542,13,26,1660388400.jpg,1920,1080
Person,291,562,10,12,1660388400.jpg,1920,1080
Person,317,518,12,16,1660388400.jpg,1920,1080
Person,322,534,14,14,1660388400.jpg,1920,1080
Person,330,541,13,38,1660388400.jpg,1920,1080
Person,343,544,12,18,1660388400.jpg,1920,1080
Person,356,543,10,25,1660388400.jpg,1920,1080
Person,365,543,11,18,1660388400.jpg,1920,1080
Person,368,521,16,22,1660388400.jpg,1920,1080
Person,460,707,35,88,1660388400.jpg,1920,1080
Person,433,569,12,22,1660388400.jpg,1920,1080
Person,418,537,9,19,1660388400.jpg,1920,1080
Person,396,538,13,18,1660388400.jpg,1920,1080
Person,405,497,9,15,1660388400.jpg,1920,1080
Person,426,538,12,18,1660388400.jpg,1920,1080
Person,471,525,12,26,1660388400.jpg,1920,1080
Person,460,540,14,18,1660388400.jpg,1920,1080
Person,439,523,21,14,1660388400.jpg,1920,1080
Person,502,464,9,12,1660388400.jpg,1920,1080
Person,511,514,9,15,1660388400.jpg,1920,1080
Person,509,538,15,33,1660388400.jpg,1920,1080
Person,517,554,17,42,1660388400.jpg,1920,1080
Person,517,613,22,18,1660388400.jpg,1920,1080
Person,454,597,26,23,1660388400.jpg,1920,1080
Person,433,598,18,26,1660388400.jpg,1920,1080
Person,551,661,35,81,1660388400.jpg,1920,1080
Person,552,620,35,35,1660388400.jpg,1920,1080
Person,624,611,35,18,1660388400.jpg,1920,1080
Person,599,624,33,28,1660388400.jpg,1920,1080
Person,540,527,15,16,1660388400.jpg,1920,1080
Person,553,514,13,24,1660388400.jpg,1920,1080
Person,566,513,15,22,1660388400.jpg,1920,1080
Person,582,521,13,17,1660388400.jpg,1920,1080
Person,553,531,20,26,1660388400.jpg,1920,1080
Person,603,504,13,20,1660388400.jpg,1920,1080
Person,620,508,12,28,1660388400.jpg,1920,1080
Person,640,517,9,18,1660388400.jpg,1920,1080
Person,645,518,13,19,1660388400.jpg,1920,1080
Person,656,521,12,15,1660388400.jpg,1920,1080
Person,680,586,37,24,1660388400.jpg,1920,1080
Person,725,571,34,22,1660388400.jpg,1920,1080
Person,733,609,34,22,1660388400.jpg,1920,1080
Person,764,594,33,29,1660388400.jpg,1920,1080
Person,728,507,13,35,1660388400.jpg,1920,1080
Person,703,508,23,33,1660388400.jpg,1920,1080
Person,686,518,15,33,1660388400.jpg,1920,1080
Person,753,728,35,94,1660388400.jpg,1920,1080
Person,929,738,39,87,1660388400.jpg,1920,1080
Person,869,594,17,35,1660388400.jpg,1920,1080
Person,849,605,18,28,1660388400.jpg,1920,1080
Person,804,550,18,18,1660388400.jpg,1920,1080
Person,786,523,18,34,1660388400.jpg,1920,1080
Person,754,523,12,15,1660388400.jpg,1920,1080
Person,752,504,9,15,1660388400.jpg,1920,1080
Person,767,508,9,12,1660388400.jpg,1920,1080
Person,771,500,11,13,1660388400.jpg,1920,1080
Person,785,513,9,12,1660388400.jpg,1920,1080
Person,839,502,12,20,1660388400.jpg,1920,1080
Person,880,493,12,14,1660388400.jpg,1920,1080
Person,873,512,12,33,1660388400.jpg,1920,1080
Person,858,524,12,26,1660388400.jpg,1920,1080
Person,890,502,16,34,1660388400.jpg,1920,1080
Person,911,494,13,12,1660388400.jpg,1920,1080
Person,956,492,14,19,1660388400.jpg,1920,1080
Person,936,509,14,35,1660388400.jpg,1920,1080
Person,918,507,14,33,1660388400.jpg,1920,1080
Person,968,641,29,70,1660388400.jpg,1920,1080
Person,1044,725,37,86,1660388400.jpg,1920,1080
Person,1072,697,32,91,1660388400.jpg,1920,1080
Person,1011,569,22,22,1660388400.jpg,1920,1080
Person,988,559,17,21,1660388400.jpg,1920,1080
Person,1088,559,15,52,1660388400.jpg,1920,1080
Person,1060,559,18,21,1660388400.jpg,1920,1080
Person,1102,586,57,22,1660388400.jpg,1920,1080
Person,1128,539,25,20,1660388400.jpg,1920,1080
Person,1155,512,12,24,1660388400.jpg,1920,1080
Person,1141,510,14,28,1660388400.jpg,1920,1080
Person,1112,483,11,29,1660388400.jpg,1920,1080
Person,1122,480,18,18,1660388400.jpg,1920,1080
Person,1097,478,14,19,1660388400.jpg,1920,1080
Person,1044,491,19,20,1660388400.jpg,1920,1080
Person,1022,494,13,31,1660388400.jpg,1920,1080
Person,1012,483,10,17,1660388400.jpg,1920,1080
Person,987,483,16,18,1660388400.jpg,1920,1080
Person,1278,616,22,55,1660388400.jpg,1920,1080
Person,1248,599,43,21,1660388400.jpg,1920,1080
Person,1294,590,17,28,1660388400.jpg,1920,1080
Person,1295,605,24,30,1660388400.jpg,1920,1080
Person,1226,557,22,25,1660388400.jpg,1920,1080
Person,1204,535,24,26,1660388400.jpg,1920,1080
Person,1171,502,12,40,1660388400.jpg,1920,1080
Person,1170,493,12,14,1660388400.jpg,1920,1080
Person,1181,475,14,18,1660388400.jpg,1920,1080
Person,1208,478,13,14,1660388400.jpg,1920,1080
Person,1200,493,15,17,1660388400.jpg,1920,1080
Person,1191,505,14,21,1660388400.jpg,1920,1080
Person,1189,523,14,20,1660388400.jpg,1920,1080
Person,1225,483,20,21,1660388400.jpg,1920,1080
Person,1250,485,14,22,1660388400.jpg,1920,1080
Person,1246,472,10,10,1660388400.jpg,1920,1080
Person,1250,464,13,16,1660388400.jpg,1920,1080
Person,1231,469,13,14,1660388400.jpg,1920,1080
Person,1311,512,9,25,1660388400.jpg,1920,1080
Person,1303,504,12,25,1660388400.jpg,1920,1080
Person,1261,509,18,14,1660388400.jpg,1920,1080
Person,1238,511,16,20,1660388400.jpg,1920,1080
Person,1206,513,16,14,1660388400.jpg,1920,1080
Person,1034,518,13,16,1660388400.jpg,1920,1080
Person,1318,599,23,33,1660388400.jpg,1920,1080
Person,1441,570,15,24,1660388400.jpg,1920,1080
Person,1425,570,18,25,1660388400.jpg,1920,1080
Person,1392,519,18,27,1660388400.jpg,1920,1080
Person,1438,510,19,20,1660388400.jpg,1920,1080
Person,1455,545,14,20,1660388400.jpg,1920,1080
Person,1468,537,15,24,1660388400.jpg,1920,1080
Person,1478,562,18,31,1660388400.jpg,1920,1080
Person,1386,493,24,21,1660388400.jpg,1920,1080
Person,1337,484,14,13,1660388400.jpg,1920,1080
Person,1321,484,9,13,1660388400.jpg,1920,1080
Person,1264,483,8,29,1660388400.jpg,1920,1080
Person,1498,559,22,28,1660388400.jpg,1920,1080
Person,1534,554,26,23,1660388400.jpg,1920,1080
Person,1563,681,23,71,1660388400.jpg,1920,1080
Person,1336,532,24,18,1660388400.jpg,1920,1080
Person,1510,521,24,18,1660388400.jpg,1920,1080
Person,1543,516,15,26,1660388400.jpg,1920,1080
Person,1563,517,12,31,1660388400.jpg,1920,1080
Person,1575,511,12,37,1660388400.jpg,1920,1080
Person,1605,505,11,39,1660388400.jpg,1920,1080
Person,1616,529,19,22,1660388400.jpg,1920,1080
Person,1670,503,18,36,1660388400.jpg,1920,1080
Person,1627,491,14,29,1660388400.jpg,1920,1080
Person,1478,455,13,26,1660388400.jpg,1920,1080
Person,1450,455,13,24,1660388400.jpg,1920,1080
Person,1422,462,14,24,1660388400.jpg,1920,1080
Person,1373,495,12,23,1660388400.jpg,1920,1080
Person,1549,446,9,27,1660388400.jpg,1920,1080
Person,1505,453,11,22,1660388400.jpg,1920,1080
Person,1519,442,9,27,1660388400.jpg,1920,1080
Person,1504,420,10,18,1660388400.jpg,1920,1080
Person,1600,429,14,22,1660388400.jpg,1920,1080
Person,1612,426,8,23,1660388400.jpg,1920,1080
Person,1624,421,9,22,1660388400.jpg,1920,1080
Person,1847,483,19,41,1660388400.jpg,1920,1080
Person,1855,450,12,30,1660388400.jpg,1920,1080
Person,1872,476,15,44,1660388400.jpg,1920,1080
Person,1887,479,12,45,1660388400.jpg,1920,1080
Person,1688,468,14,28,1660388400.jpg,1920,1080
Person,1726,470,12,20,1660388400.jpg,1920,1080
Person,1745,445,9,26,1660388400.jpg,1920,1080
Person,879,926,66,142,1660388400.jpg,1920,1080
Person,27,573,18,47,1660392000.jpg,1920,1080
Person,50,576,19,43,1660392000.jpg,1920,1080
Person,139,570,20,25,1660392000.jpg,1920,1080
Person,167,546,17,47,1660392000.jpg,1920,1080
Person,210,544,18,47,1660392000.jpg,1920,1080
Person,186,573,12,21,1660392000.jpg,1920,1080
Person,231,536,19,29,1660392000.jpg,1920,1080
Person,243,584,17,29,1660392000.jpg,1920,1080
Person,117,666,32,18,1660392000.jpg,1920,1080
Person,333,663,35,21,1660392000.jpg,1920,1080
Person,246,607,16,33,1660392000.jpg,1920,1080
Person,314,551,9,31,1660392000.jpg,1920,1080
Person,338,523,12,13,1660392000.jpg,1920,1080
Person,339,546,12,43,1660392000.jpg,1920,1080
Person,330,551,5,16,1660392000.jpg,1920,1080
Person,362,545,16,37,1660392000.jpg,1920,1080
Person,380,523,10,16,1660392000.jpg,1920,1080
Person,344,601,20,30,1660392000.jpg,1920,1080
Person,319,601,17,27,1660392000.jpg,1920,1080
Person,397,577,16,47,1660392000.jpg,1920,1080
Person,421,571,16,24,1660392000.jpg,1920,1080
Person,454,569,19,14,1660392000.jpg,1920,1080
Person,457,547,16,15,1660392000.jpg,1920,1080
Person,477,548,12,15,1660392000.jpg,1920,1080
Person,567,616,29,31,1660392000.jpg,1920,1080
Person,494,546,18,45,1660392000.jpg,1920,1080
Person,511,540,18,30,1660392000.jpg,1920,1080
Person,492,520,15,19,1660392000.jpg,1920,1080
Person,470,517,18,16,1660392000.jpg,1920,1080
Person,536,531,11,16,1660392000.jpg,1920,1080
Person,559,530,13,14,1660392000.jpg,1920,1080
Person,536,471,18,15,1660392000.jpg,1920,1080
Person,569,477,14,16,1660392000.jpg,1920,1080
Person,620,514,9,22,1660392000.jpg,1920,1080
Person,627,517,12,21,1660392000.jpg,1920,1080
Person,631,502,13,24,1660392000.jpg,1920,1080
Person,641,621,21,35,1660392000.jpg,1920,1080
Person,616,611,17,40,1660392000.jpg,1920,1080
Person,597,618,12,36,1660392000.jpg,1920,1080
Person,564,652,27,25,1660392000.jpg,1920,1080
Person,529,647,22,29,1660392000.jpg,1920,1080
Person,731,642,40,27,1660392000.jpg,1920,1080
Person,768,630,30,20,1660392000.jpg,1920,1080
Person,755,588,22,54,1660392000.jpg,1920,1080
Person,810,611,26,25,1660392000.jpg,1920,1080
Person,793,560,16,20,1660392000.jpg,1920,1080
Person,792,547,14,16,1660392000.jpg,1920,1080
Person,809,548,19,32,1660392000.jpg,1920,1080
Person,663,527,18,34,1660392000.jpg,1920,1080
Person,714,503,12,22,1660392000.jpg,1920,1080
Person,734,512,18,19,1660392000.jpg,1920,1080
Person,738,500,15,14,1660392000.jpg,1920,1080
Person,759,502,9,17,1660392000.jpg,1920,1080
Person,776,506,18,30,1660392000.jpg,1920,1080
Person,812,514,10,14,1660392000.jpg,1920,1080
Person,830,512,16,19,1660392000.jpg,1920,1080
Person,793,460,10,12,1660392000.jpg,1920,1080
Person,920,507,16,20,1660392000.jpg,1920,1080
Person,984,487,8,22,1660392000.jpg,1920,1080
Person,966,505,9,9,1660392000.jpg,1920,1080
Person,966,493,14,9,1660392000.jpg,1920,1080
Person,926,494,15,12,1660392000.jpg,1920,1080
Person,909,668,37,22,1660392000.jpg,1920,1080
Person,1056,604,20,58,1660392000.jpg,1920,1080
Person,1039,600,17,56,1660392000.jpg,1920,1080
Person,1078,576,18,54,1660392000.jpg,1920,1080
Person,1056,548,27,26,1660392000.jpg,1920,1080
Person,988,578,50,12,1660392000.jpg,1920,1080
Person,1034,511,12,33,1660392000.jpg,1920,1080
Person,1019,511,8,35,1660392000.jpg,1920,1080
Person,1008,511,13,35,1660392000.jpg,1920,1080
Person,991,502,13,37,1660392000.jpg,1920,1080
Person,996,485,13,14,1660392000.jpg,1920,1080
Person,1025,485,6,16,1660392000.jpg,1920,1080
Person,1032,481,12,14,1660392000.jpg,1920,1080
Person,1159,613,51,19,1660392000.jpg,1920,1080
Person,1108,582,15,26,1660392000.jpg,1920,1080
Person,1133,588,16,20,1660392000.jpg,1920,1080
Person,1142,576,19,24,1660392000.jpg,1920,1080
Person,1160,575,18,25,1660392000.jpg,1920,1080
Person,1129,519,16,40,1660392000.jpg,1920,1080
Person,1115,520,14,43,1660392000.jpg,1920,1080
Person,1325,571,16,50,1660392000.jpg,1920,1080
Person,1297,573,14,46,1660392000.jpg,1920,1080
Person,1273,566,20,18,1660392000.jpg,1920,1080
Person,1265,580,23,58,1660392000.jpg,1920,1080
Person,1236,514,11,38,1660392000.jpg,1920,1080
Person,1183,475,20,26,1660392000.jpg,1920,1080
Person,1170,517,12,45,1660392000.jpg,1920,1080
Person,1138,501,16,12,1660392000.jpg,1920,1080
Person,1203,506,20,36,1660392000.jpg,1920,1080
Person,1250,480,14,24,1660392000.jpg,1920,1080
Person,1345,514,21,43,1660392000.jpg,1920,1080
Person,1358,495,15,10,1660392000.jpg,1920,1080
Person,1404,479,14,33,1660392000.jpg,1920,1080
Person,1440,453,18,32,1660392000.jpg,1920,1080
Person,1431,491,9,12,1660392000.jpg,1920,1080
Person,1440,488,12,12,1660392000.jpg,1920,1080
Person,1480,472,10,24,1660392000.jpg,1920,1080
Person,1488,468,10,28,1660392000.jpg,1920,1080
Person,1462,523,33,20,1660392000.jpg,1920,1080
Person,1440,528,15,22,1660392000.jpg,1920,1080
Person,1425,512,13,18,1660392000.jpg,1920,1080
Person,1465,585,28,29,1660392000.jpg,1920,1080
Person,1402,601,62,20,1660392000.jpg,1920,1080
Person,1650,609,19,63,1660392000.jpg,1920,1080
Person,1621,622,28,53,1660392000.jpg,1920,1080
Person,1636,602,9,47,1660392000.jpg,1920,1080
Person,1598,601,22,59,1660392000.jpg,1920,1080
Person,1615,569,10,33,1660392000.jpg,1920,1080
Person,1602,571,13,30,1660392000.jpg,1920,1080
Person,1587,542,12,50,1660392000.jpg,1920,1080
Person,1606,548,12,19,1660392000.jpg,1920,1080
Person,1621,548,18,22,1660392000.jpg,1920,1080
Person,1675,523,34,24,1660392000.jpg,1920,1080
Person,1780,535,20,46,1660392000.jpg,1920,1080
Person,1540,535,15,26,1660392000.jpg,1920,1080
Person,1525,536,18,24,1660392000.jpg,1920,1080
Person,1549,469,14,33,1660392000.jpg,1920,1080
Person,1573,470,13,31,1660392000.jpg,1920,1080
Person,1517,442,12,35,1660392000.jpg,1920,1080
Person,1556,442,14,24,1660392000.jpg,1920,1080
Person,1581,441,15,23,1660392000.jpg,1920,1080
Person,1617,508,17,31,1660392000.jpg,1920,1080
Person,1655,508,11,29,1660392000.jpg,1920,1080
Person,1635,510,12,27,1660392000.jpg,1920,1080
Person,1670,488,17,31,1660392000.jpg,1920,1080
Person,1690,502,18,22,1660392000.jpg,1920,1080
Person,1819,495,15,25,1660392000.jpg,1920,1080
Person,1866,450,7,33,1660392000.jpg,1920,1080
Person,1871,466,10,27,1660392000.jpg,1920,1080
Person,1905,540,14,44,1660392000.jpg,1920,1080
Person,1737,921,109,55,1660392000.jpg,1920,1080
Person,1748,871,54,45,1660392000.jpg,1920,1080
Person,826,622,1,0,1660392000.jpg,1920,1080
Person,31,611,14,21,1660395600.jpg,1920,1080
Person,16,616,12,24,1660395600.jpg,1920,1080
Person,50,616,17,22,1660395600.jpg,1920,1080
Person,60,566,16,43,1660395600.jpg,1920,1080
Person,81,584,14,31,1660395600.jpg,1920,1080
Person,108,559,21,47,1660395600.jpg,1920,1080
Person,126,609,20,22,1660395600.jpg,1920,1080
Person,157,554,14,37,1660395600.jpg,1920,1080
Person,186,526,14,19,1660395600.jpg,1920,1080
Person,183,567,12,18,1660395600.jpg,1920,1080
Person,208,565,12,16,1660395600.jpg,1920,1080
Person,221,546,7,42,1660395600.jpg,1920,1080
Person,228,548,9,39,1660395600.jpg,1920,1080
Person,237,545,9,43,1660395600.jpg,1920,1080
Person,248,546,11,39,1660395600.jpg,1920,1080
Person,231,599,23,24,1660395600.jpg,1920,1080
Person,301,653,22,29,1660395600.jpg,1920,1080
Person,361,542,11,36,1660395600.jpg,1920,1080
Person,384,535,9,45,1660395600.jpg,1920,1080
Person,408,544,12,28,1660395600.jpg,1920,1080
Person,411,571,8,20,1660395600.jpg,1920,1080
Person,353,545,7,16,1660395600.jpg,1920,1080
Person,341,540,9,16,1660395600.jpg,1920,1080
Person,279,524,12,22,1660395600.jpg,1920,1080
Person,376,505,9,12,1660395600.jpg,1920,1080
Person,410,527,9,9,1660395600.jpg,1920,1080
Person,426,529,5,10,1660395600.jpg,1920,1080
Person,490,516,15,13,1660395600.jpg,1920,1080
Person,534,512,10,13,1660395600.jpg,1920,1080
Person,545,508,11,16,1660395600.jpg,1920,1080
Person,585,521,8,12,1660395600.jpg,1920,1080
Person,597,514,13,28,1660395600.jpg,1920,1080
Person,528,573,17,20,1660395600.jpg,1920,1080
Person,512,654,28,23,1660395600.jpg,1920,1080
Person,648,585,24,15,1660395600.jpg,1920,1080
Person,665,579,24,19,1660395600.jpg,1920,1080
Person,651,575,14,14,1660395600.jpg,1920,1080
Person,595,549,20,28,1660395600.jpg,1920,1080
Person,623,536,8,20,1660395600.jpg,1920,1080
Person,632,533,11,18,1660395600.jpg,1920,1080
Person,655,548,13,20,1660395600.jpg,1920,1080
Person,662,508,12,22,1660395600.jpg,1920,1080
Person,680,514,9,17,1660395600.jpg,1920,1080
Person,686,500,13,15,1660395600.jpg,1920,1080
Person,696,516,12,15,1660395600.jpg,1920,1080
Person,713,500,13,18,1660395600.jpg,1920,1080
Person,740,462,11,9,1660395600.jpg,1920,1080
Person,743,523,11,11,1660395600.jpg,1920,1080
Person,730,538,8,16,1660395600.jpg,1920,1080
Person,704,546,10,18,1660395600.jpg,1920,1080
Person,679,548,14,16,1660395600.jpg,1920,1080
Person,735,569,17,54,1660395600.jpg,1920,1080
Person,754,571,15,49,1660395600.jpg,1920,1080
Person,776,583,15,39,1660395600.jpg,1920,1080
Person,802,549,14,40,1660395600.jpg,1920,1080
Person,792,548,12,43,1660395600.jpg,1920,1080
Person,781,547,12,43,1660395600.jpg,1920,1080
Person,766,534,11,35,1660395600.jpg,1920,1080
Person,754,530,10,32,1660395600.jpg,1920,1080
Person,780,506,12,18,1660395600.jpg,1920,1080
Person,784,497,11,14,1660395600.jpg,1920,1080
Person,812,497,10,17,1660395600.jpg,1920,1080
Person,802,515,17,25,1660395600.jpg,1920,1080
Person,911,580,12,24,1660395600.jpg,1920,1080
Person,881,568,14,12,1660395600.jpg,1920,1080
Person,865,563,12,14,1660395600.jpg,1920,1080
Person,884,498,9,12,1660395600.jpg,1920,1080
Person,907,515,8,12,1660395600.jpg,1920,1080
Person,917,514,12,18,1660395600.jpg,1920,1080
Person,931,533,20,20,1660395600.jpg,1920,1080
Person,932,502,16,24,1660395600.jpg,1920,1080
Person,945,487,14,16,1660395600.jpg,1920,1080
Person,956,514,16,16,1660395600.jpg,1920,1080
Person,1000,577,45,16,1660395600.jpg,1920,1080
Person,1048,553,16,25,1660395600.jpg,1920,1080
Person,1063,548,20,24,1660395600.jpg,1920,1080
Person,1073,555,17,50,1660395600.jpg,1920,1080
Person,1094,563,15,44,1660395600.jpg,1920,1080
Person,1031,498,13,18,1660395600.jpg,1920,1080
Person,1020,485,9,22,1660395600.jpg,1920,1080
Person,1000,491,11,20,1660395600.jpg,1920,1080
Person,1014,489,7,27,1660395600.jpg,1920,1080
Person,1007,514,8,15,1660395600.jpg,1920,1080
Person,1046,489,11,19,1660395600.jpg,1920,1080
Person,1063,484,12,9,1660395600.jpg,1920,1080
Person,1047,481,9,11,1660395600.jpg,1920,1080
Person,1090,477,15,16,1660395600.jpg,1920,1080
Person,1140,478,7,14,1660395600.jpg,1920,1080
Person,1156,481,6,9,1660395600.jpg,1920,1080
Person,1178,484,8,9,1660395600.jpg,1920,1080
Person,1203,485,9,29,1660395600.jpg,1920,1080
Person,1196,483,9,32,1660395600.jpg,1920,1080
Person,1179,509,16,30,1660395600.jpg,1920,1080
Person,1168,506,10,47,1660395600.jpg,1920,1080
Person,1153,504,16,46,1660395600.jpg,1920,1080
Person,1141,613,41,17,1660395600.jpg,1920,1080
Person,1175,611,33,18,1660395600.jpg,1920,1080
Person,1206,643,54,17,1660395600.jpg,1920,1080
Person,1241,639,40,20,1660395600.jpg,1920,1080
Person,1282,610,22,55,1660395600.jpg,1920,1080
Person,1246,535,18,47,1660395600.jpg,1920,1080
Person,1406,594,19,21,1660395600.jpg,1920,1080
Person,1446,587,35,22,1660395600.jpg,1920,1080
Person,1437,571,12,26,1660395600.jpg,1920,1080
Person,1425,570,12,26,1660395600.jpg,1920,1080
Person,1404,569,20,24,1660395600.jpg,1920,1080
Person,1388,535,20,20,1660395600.jpg,1920,1080
Person,1377,530,14,31,1660395600.jpg,1920,1080
Person,1227,515,16,16,1660395600.jpg,1920,1080
Person,1638,557,18,22,1660395600.jpg,1920,1080
Person,1627,552,14,23,1660395600.jpg,1920,1080
Person,1555,512,11,25,1660395600.jpg,1920,1080
Person,1576,517,15,22,1660395600.jpg,1920,1080
Person,1472,493,16,15,1660395600.jpg,1920,1080
Person,1396,462,16,17,1660395600.jpg,1920,1080
Person,1490,464,10,25,1660395600.jpg,1920,1080
Person,1503,455,14,18,1660395600.jpg,1920,1080
Person,1517,483,16,15,1660395600.jpg,1920,1080
Person,1693,531,16,15,1660395600.jpg,1920,1080
Person,1716,483,18,31,1660395600.jpg,1920,1080
Person,1745,456,15,28,1660395600.jpg,1920,1080
Person,1855,506,13,40,1660395600.jpg,1920,1080
Person,1878,474,8,41,1660395600.jpg,1920,1080
Person,1867,464,9,39,1660395600.jpg,1920,1080
Person,1840,455,7,20,1660395600.jpg,1920,1080
Person,1856,443,8,37,1660395600.jpg,1920,1080
Person,1743,894,61,40,1660395600.jpg,1920,1080
Person,1434,505,15,19,1660395600.jpg,1920,1080
Person,1398,506,12,12,1660395600.jpg,1920,1080
Person,1449,547,46,17,1660395600.jpg,1920,1080
Person,1651,508,19,22,1660395600.jpg,1920,1080
Person,1649,489,11,14,1660395600.jpg,1920,1080
Person,1580,460,14,16,1660395600.jpg,1920,1080
Person,1583,437,9,19,1660395600.jpg,1920,1080
Person,1461,462,14,24,1660395600.jpg,1920,1080
Person,0,616,18,30,1660402800.jpg,1920,1080
Person,48,598,25,23,1660402800.jpg,1920,1080
Person,21,607,19,20,1660402800.jpg,1920,1080
Person,31,570,15,25,1660402800.jpg,1920,1080
Person,48,551,18,23,1660402800.jpg,1920,1080
Person,92,552,14,36,1660402800.jpg,1920,1080
Person,87,589,17,26,1660402800.jpg,1920,1080
Person,108,586,14,22,1660402800.jpg,1920,1080
Person,85,562,9,16,1660402800.jpg,1920,1080
Person,126,528,14,15,1660402800.jpg,1920,1080
Person,88,541,18,13,1660402800.jpg,1920,1080
Person,138,549,9,20,1660402800.jpg,1920,1080
Person,149,557,12,16,1660402800.jpg,1920,1080
Person,174,548,14,42,1660402800.jpg,1920,1080
Person,191,565,13,37,1660402800.jpg,1920,1080
Person,162,645,23,26,1660402800.jpg,1920,1080
Person,150,624,49,12,1660402800.jpg,1920,1080
Person,191,660,20,15,1660402800.jpg,1920,1080
Person,211,537,10,12,1660402800.jpg,1920,1080
Person,197,523,9,8,1660402800.jpg,1920,1080
Person,180,521,7,14,1660402800.jpg,1920,1080
Person,196,533,7,18,1660402800.jpg,1920,1080
Person,226,519,11,16,1660402800.jpg,1920,1080
Person,217,551,15,11,1660402800.jpg,1920,1080
Person,243,567,13,24,1660402800.jpg,1920,1080
Person,218,563,18,26,1660402800.jpg,1920,1080
Person,233,557,10,15,1660402800.jpg,1920,1080
Person,220,604,17,19,1660402800.jpg,1920,1080
Person,264,568,19,45,1660402800.jpg,1920,1080
Person,288,548,8,45,1660402800.jpg,1920,1080
Person,296,549,9,45,1660402800.jpg,1920,1080
Person,308,544,9,52,1660402800.jpg,1920,1080
Person,315,552,8,43,1660402800.jpg,1920,1080
Person,324,556,16,37,1660402800.jpg,1920,1080
Person,337,552,13,39,1660402800.jpg,1920,1080
Person,332,531,12,22,1660402800.jpg,1920,1080
Person,344,529,10,11,1660402800.jpg,1920,1080
Person,355,530,9,9,1660402800.jpg,1920,1080
Person,349,538,14,28,1660402800.jpg,1920,1080
Person,347,562,17,31,1660402800.jpg,1920,1080
Person,364,530,17,20,1660402800.jpg,1920,1080
Person,429,585,26,26,1660402800.jpg,1920,1080
Person,117,632,28,20,1660402800.jpg,1920,1080
Person,282,671,33,18,1660402800.jpg,1920,1080
Person,497,572,22,51,1660402800.jpg,1920,1080
Person,468,557,12,16,1660402800.jpg,1920,1080
Person,456,549,16,20,1660402800.jpg,1920,1080
Person,406,534,9,10,1660402800.jpg,1920,1080
Person,393,532,9,14,1660402800.jpg,1920,1080
Person,407,576,14,14,1660402800.jpg,1920,1080
Person,427,522,9,12,1660402800.jpg,1920,1080
Person,457,504,9,12,1660402800.jpg,1920,1080
Person,482,498,7,11,1660402800.jpg,1920,1080
Person,456,525,9,13,1660402800.jpg,1920,1080
Person,473,526,5,11,1660402800.jpg,1920,1080
Person,477,523,14,18,1660402800.jpg,1920,1080
Person,492,523,11,18,1660402800.jpg,1920,1080
Person,514,535,15,46,1660402800.jpg,1920,1080
Person,497,535,22,45,1660402800.jpg,1920,1080
Person,541,548,14,28,1660402800.jpg,1920,1080
Person,571,532,19,35,1660402800.jpg,1920,1080
Person,566,514,9,22,1660402800.jpg,1920,1080
Person,570,514,16,16,1660402800.jpg,1920,1080
Person,587,521,14,10,1660402800.jpg,1920,1080
Person,604,515,10,42,1660402800.jpg,1920,1080
Person,612,534,11,22,1660402800.jpg,1920,1080
Person,621,523,12,32,1660402800.jpg,1920,1080
Person,534,488,21,14,1660402800.jpg,1920,1080
Person,566,502,7,7,1660402800.jpg,1920,1080
Person,610,489,7,10,1660402800.jpg,1920,1080
Person,633,491,5,8,1660402800.jpg,1920,1080
Person,624,485,7,13,1660402800.jpg,1920,1080
Person,584,504,9,8,1660402800.jpg,1920,1080
Person,650,521,16,16,1660402800.jpg,1920,1080
Person,611,590,50,12,1660402800.jpg,1920,1080
Person,595,597,12,16,1660402800.jpg,1920,1080
Person,614,603,45,16,1660402800.jpg,1920,1080
Person,625,566,13,27,1660402800.jpg,1920,1080
Person,715,618,25,31,1660402800.jpg,1920,1080
Person,762,616,19,31,1660402800.jpg,1920,1080
Person,719,588,15,27,1660402800.jpg,1920,1080
Person,738,589,14,24,1660402800.jpg,1920,1080
Person,738,514,15,43,1660402800.jpg,1920,1080
Person,757,511,15,44,1660402800.jpg,1920,1080
Person,791,559,21,26,1660402800.jpg,1920,1080
Person,816,554,14,35,1660402800.jpg,1920,1080
Person,810,603,24,33,1660402800.jpg,1920,1080
Person,858,592,17,47,1660402800.jpg,1920,1080
Person,900,592,17,54,1660402800.jpg,1920,1080
Person,928,580,13,51,1660402800.jpg,1920,1080
Person,881,576,17,19,1660402800.jpg,1920,1080
Person,890,525,12,28,1660402800.jpg,1920,1080
Person,857,534,16,18,1660402800.jpg,1920,1080
Person,835,517,17,41,1660402800.jpg,1920,1080
Person,815,496,9,19,1660402800.jpg,1920,1080
Person,840,494,7,11,1660402800.jpg,1920,1080
Person,831,491,9,14,1660402800.jpg,1920,1080
Person,887,502,11,14,1660402800.jpg,1920,1080
Person,878,494,12,21,1660402800.jpg,1920,1080
Person,909,492,9,15,1660402800.jpg,1920,1080
Person,801,430,13,22,1660402800.jpg,1920,1080
Person,951,508,10,34,1660402800.jpg,1920,1080
Person,939,500,11,14,1660402800.jpg,1920,1080
Person,901,510,18,20,1660402800.jpg,1920,1080
Person,942,536,13,17,1660402800.jpg,1920,1080
Person,969,555,16,24,1660402800.jpg,1920,1080
Person,983,567,17,17,1660402800.jpg,1920,1080
Person,995,552,15,28,1660402800.jpg,1920,1080
Person,997,512,16,32,1660402800.jpg,1920,1080
Person,1025,520,14,16,1660402800.jpg,1920,1080
Person,989,492,9,8,1660402800.jpg,1920,1080
Person,977,490,9,11,1660402800.jpg,1920,1080
Person,959,485,7,12,1660402800.jpg,1920,1080
Person,1006,571,16,22,1660402800.jpg,1920,1080
Person,1040,571,14,14,1660402800.jpg,1920,1080
Person,1038,552,17,16,1660402800.jpg,1920,1080
Person,1075,560,17,19,1660402800.jpg,1920,1080
Person,1080,521,12,33,1660402800.jpg,1920,1080
Person,1004,625,22,25,1660402800.jpg,1920,1080
Person,960,598,31,14,1660402800.jpg,1920,1080
Person,1040,485,8,14,1660402800.jpg,1920,1080
Person,970,470,7,13,1660402800.jpg,1920,1080
Person,1073,484,6,14,1660402800.jpg,1920,1080
Person,1054,488,12,18,1660402800.jpg,1920,1080
Person,1090,482,8,17,1660402800.jpg,1920,1080
Person,1118,489,18,25,1660402800.jpg,1920,1080
Person,1128,483,11,5,1660402800.jpg,1920,1080
Person,1158,471,10,12,1660402800.jpg,1920,1080
Person,1183,475,5,8,1660402800.jpg,1920,1080
Person,1191,484,15,16,1660402800.jpg,1920,1080
Person,1210,472,5,13,1660402800.jpg,1920,1080
Person,1214,469,9,10,1660402800.jpg,1920,1080
Person,1240,481,9,16,1660402800.jpg,1920,1080
Person,1168,534,18,18,1660402800.jpg,1920,1080
Person,1166,523,13,8,1660402800.jpg,1920,1080
Person,1119,518,22,36,1660402800.jpg,1920,1080
Person,1172,553,44,13,1660402800.jpg,1920,1080
Person,1204,564,41,15,1660402800.jpg,1920,1080
Person,1178,586,20,20,1660402800.jpg,1920,1080
Person,1143,592,31,22,1660402800.jpg,1920,1080
Person,1251,509,21,14,1660402800.jpg,1920,1080
Person,1310,476,5,22,1660402800.jpg,1920,1080
Person,1311,476,14,22,1660402800.jpg,1920,1080
Person,1338,513,19,20,1660402800.jpg,1920,1080
Person,1482,563,16,22,1660402800.jpg,1920,1080
Person,1427,507,14,13,1660402800.jpg,1920,1080
Person,1436,502,14,14,1660402800.jpg,1920,1080
Person,1408,469,10,22,1660402800.jpg,1920,1080
Person,1417,466,10,28,1660402800.jpg,1920,1080
Person,1402,455,7,13,1660402800.jpg,1920,1080
Person,1381,465,13,9,1660402800.jpg,1920,1080
Person,1390,457,7,10,1660402800.jpg,1920,1080
Person,1295,464,9,25,1660402800.jpg,1920,1080
Person,1469,463,10,24,1660402800.jpg,1920,1080
Person,1487,465,8,24,1660402800.jpg,1920,1080
Person,1506,487,9,12,1660402800.jpg,1920,1080
Person,1552,491,12,19,1660402800.jpg,1920,1080
Person,1558,491,15,15,1660402800.jpg,1920,1080
Person,1594,483,12,34,1660402800.jpg,1920,1080
Person,1598,579,15,23,1660402800.jpg,1920,1080
Person,1616,552,17,22,1660402800.jpg,1920,1080
Person,1626,517,10,19,1660402800.jpg,1920,1080
Person,1604,527,13,12,1660402800.jpg,1920,1080
Person,1714,520,14,38,1660402800.jpg,1920,1080
Person,1670,546,14,21,1660402800.jpg,1920,1080
Person,1646,552,18,24,1660402800.jpg,1920,1080
Person,1651,517,29,14,1660402800.jpg,1920,1080
Person,1714,472,14,18,1660402800.jpg,1920,1080
Person,1655,433,9,13,1660402800.jpg,1920,1080
Person,1646,432,14,16,1660402800.jpg,1920,1080
Person,1616,423,11,16,1660402800.jpg,1920,1080
Person,1588,436,11,16,1660402800.jpg,1920,1080
Person,1553,443,12,14,1660402800.jpg,1920,1080
Person,1536,426,13,23,1660402800.jpg,1920,1080
Person,1562,526,27,14,1660402800.jpg,1920,1080
Person,1695,522,17,15,1660402800.jpg,1920,1080
Person,1880,502,9,39,1660402800.jpg,1920,1080
Person,1892,508,11,41,1660402800.jpg,1920,1080
Person,1905,512,11,41,1660402800.jpg,1920,1080
Person,1852,441,9,26,1660402800.jpg,1920,1080
Person,1698,442,9,20,1660402800.jpg,1920,1080
Person,1716,456,9,13,1660402800.jpg,1920,1080
Person,659,762,30,95,1660402800.jpg,1920,1080
Person,801,716,25,90,1660402800.jpg,1920,1080
Person,1007,707,32,82,1660402800.jpg,1920,1080
Person,1124,703,35,79,1660402800.jpg,1920,1080
Person,1262,438,8,8,1660402800.jpg,1920,1080
Person,1184,468,6,4,1660402800.jpg,1920,1080
Person,1171,471,4,7,1660402800.jpg,1920,1080
Person,1205,435,7,7,1660402800.jpg,1920,1080
Person,1169,432,8,7,1660402800.jpg,1920,1080
Person,1160,430,6,5,1660402800.jpg,1920,1080
Person,1360,454,11,5,1660402800.jpg,1920,1080
Person,1266,462,9,8,1660402800.jpg,1920,1080
Person,1295,425,7,7,1660402800.jpg,1920,1080
Person,1368,435,6,5,1660402800.jpg,1920,1080
Person,772,484,12,9,1660402800.jpg,1920,1080
Person,789,443,11,10,1660402800.jpg,1920,1080
Person,976,408,9,14,1660402800.jpg,1920,1080
Person,599,490,9,9,1660402800.jpg,1920,1080
Person,34,553,12,14,1660402800.jpg,1920,1080